,id,atomic_number,charge,econf,coordination,spin,crystal_radius,ionic_radius,origin,most_reliable
0,1,89,3,6p6,VI,,126.0,112.00000000000001,"from r^3 vs V plots, ",False
1,2,47,1,4d10,II,,81.0,67.0,,False
2,3,47,1,4d10,IV,,113.99999999999999,100.0,"calculated, ",False
3,4,47,1,4d10,IVSQ,,115.99999999999999,102.0,,False
4,5,47,1,4d10,V,,123.0,109.00000000000001,"calculated, ",False
5,6,47,1,4d10,VI,,129.0,114.99999999999999,"calculated, ",False
6,7,47,1,4d10,VII,,136.0,122.0,,False
7,8,47,1,4d10,VIII,,142.0,128.0,,False
8,9,47,2,4d9,IVSQ,,93.0,79.0,,False
9,10,47,2,4d9,VI,,108.0,94.0,,False
10,11,47,3,4d8,IVSQ,,81.0,67.0,,False
11,12,47,3,4d8,VI,,89.0,75.0,"from r^3 vs V plots, ",False
12,13,13,3,2p6,IV,,53.0,39.0,,True
13,14,13,3,2p6,V,,62.0,48.0,,False
14,15,13,3,2p6,VI,,67.5,53.5,"from r^3 vs V plots, ",True
15,16,95,2,5f7,VII,,135.0,121.0,,False
16,17,95,2,5f7,VIII,,140.0,126.0,,False
17,18,95,2,5f7,IX,,145.0,131.0,,False
18,19,95,3,5f6,VI,,111.5,97.5,"from r^3 vs V plots, ",False
19,20,95,3,5f6,VIII,,123.0,109.00000000000001,,False
20,21,95,4,5f5,VI,,99.0,85.0,"from r^3 vs V plots, ",False
21,22,95,4,5f5,VIII,,109.00000000000001,95.0,,False
22,23,33,3,4s2,VI,,72.0,57.99999999999999,"Ahrens (1952) ionic radius, ",False
23,24,33,5,3d10,IV,,47.5,33.5,"from r^3 vs V plots, ",True
24,25,33,5,3d10,VI,,60.0,46.0,"calculated, ",True
25,26,85,7,5d10,VI,,76.0,62.0,"Ahrens (1952) ionic radius, ",False
26,27,79,1,5d10,VI,,151.0,137.0,"Ahrens (1952) ionic radius, ",False
27,28,79,3,5d8,IVSQ,,82.0,68.0,,False
28,29,79,3,5d8,VI,,99.0,85.0,"Ahrens (1952) ionic radius, ",False
29,30,79,5,5d6,VI,,71.0,56.99999999999999,,False
30,31,5,3,1s2,III,,15.0,1.0,,True
31,32,5,3,1s2,IV,,25.0,11.0,,True
32,33,5,3,1s2,VI,,41.0,27.0,"calculated, ",False
33,34,56,2,5p6,VI,,149.0,135.0,,False
34,35,56,2,5p6,VII,,152.0,138.0,"calculated, ",False
35,36,56,2,5p6,VIII,,156.0,142.0,,False
36,37,56,2,5p6,IX,,161.0,147.0,,False
37,38,56,2,5p6,X,,166.0,152.0,,False
38,39,56,2,5p6,XI,,171.0,157.0,,False
39,40,56,2,5p6,XII,,175.0,161.0,"calculated, ",False
40,41,4,2,1s2,III,,30.0,16.0,,False
41,42,4,2,1s2,IV,,41.0,27.0,,True
42,43,4,2,1s2,VI,,59.0,45.0,"calculated, ",False
43,44,83,3,6s2,V,,110.00000000000001,96.0,"calculated, ",False
44,45,83,3,6s2,VI,,117.0,103.0,"from r^3 vs V plots, ",True
45,46,83,3,6s2,VIII,,131.0,117.0,"from r^3 vs V plots, ",False
46,47,83,5,5d10,VI,,90.0,76.0,"estimated, ",False
47,48,97,3,5f8,VI,,110.00000000000001,96.0,"from r^3 vs V plots, ",False
48,49,97,4,5f7,VI,,97.0,83.0,"from r^3 vs V plots, ",False
49,50,97,4,5f7,VIII,,107.0,93.0,"from r^3 vs V plots, ",False
50,51,35,-1,4p6,VI,,182.0,196.0,"Pauling's (1960) crystal radius, ",False
51,52,35,3,4p2,IVSQ,,73.0,59.0,,False
52,53,35,5,4s2,IIIPY,,45.0,31.0,,False
53,54,35,7,3d10,IV,,39.0,25.0,,False
54,55,35,7,3d10,VI,,53.0,39.0,"Ahrens (1952) ionic radius, ",False
55,56,6,4,1s2,III,,6.0,-8.0,,False
56,57,6,4,1s2,IV,,28.999999999999996,15.0,"Pauling's (1960) crystal radius, ",False
57,58,6,4,1s2,VI,,30.0,16.0,"Ahrens (1952) ionic radius, ",False
58,59,20,2,3p6,VI,,113.99999999999999,100.0,,False
59,60,20,2,3p6,VII,,120.0,106.0,,True
60,61,20,2,3p6,VIII,,126.0,112.00000000000001,,True
61,62,20,2,3p6,IX,,132.0,118.0,,False
62,63,20,2,3p6,X,,137.0,123.0,"calculated, ",False
63,64,20,2,3p6,XII,,148.0,134.0,"calculated, ",False
64,65,48,2,4d10,IV,,92.0,78.0,,False
65,66,48,2,4d10,V,,101.0,87.0,,False
66,67,48,2,4d10,VI,,109.00000000000001,95.0,,False
67,68,48,2,4d10,VII,,117.0,103.0,"calculated, ",False
68,69,48,2,4d10,VIII,,124.0,110.00000000000001,"calculated, ",False
69,70,48,2,4d10,XII,,145.0,131.0,,False
70,71,58,3,6s1,VI,,114.99999999999999,101.0,"from r^3 vs V plots, ",False
71,72,58,3,6s1,VII,,121.0,107.0,"estimated, ",False
72,73,58,3,6s1,VIII,,128.29999999999998,114.3,"from r^3 vs V plots, ",False
73,74,58,3,6s1,IX,,133.6,119.6,"from r^3 vs V plots, ",False
74,75,58,3,6s1,X,,139.0,125.0,,False
75,76,58,3,6s1,XII,,148.0,134.0,"calculated, ",False
76,77,58,4,5p6,VI,,101.0,87.0,"from r^3 vs V plots, ",False
77,78,58,4,5p6,VIII,,111.00000000000001,97.0,"from r^3 vs V plots, ",False
78,79,58,4,5p6,X,,121.0,97.0,"from r^3 vs V plots, ",False
79,80,58,4,5p6,XII,,128.0,113.99999999999999,,False
80,81,98,3,6d1,VI,,109.00000000000001,95.0,"from r^3 vs V plots, ",False
81,82,98,4,5f8,VI,,96.1,82.1,"from r^3 vs V plots, ",False
82,83,98,4,5f8,VIII,,106.0,92.0,,False
83,84,17,-1,3p6,VI,,167.0,181.0,"Pauling's (1960) crystal radius, ",False
84,85,17,5,3s2,IIIPY,,26.0,12.0,,False
85,86,17,7,2p6,IV,,22.0,8.0,,True
86,87,17,7,2p6,VI,,41.0,27.0,"Ahrens (1952) ionic radius, ",False
87,88,96,3,5f7,VI,,111.00000000000001,97.0,"from r^3 vs V plots, ",False
88,89,96,4,5f6,VI,,99.0,85.0,"from r^3 vs V plots, ",False
89,90,96,4,5f6,VIII,,109.00000000000001,95.0,"from r^3 vs V plots, ",False
90,91,27,2,3d7,IV,HS,72.0,57.99999999999999,,False
91,92,27,2,3d7,V,,81.0,67.0,"calculated, ",False
92,93,27,2,3d7,VI,LS,79.0,65.0,"from r^3 vs V plots, ",False
93,94,27,2,3d7,VI,HS,88.5,74.5,"from r^3 vs V plots, ",True
94,95,27,2,3d7,VIII,,104.0,90.0,,False
95,96,27,3,3d6,VI,LS,68.5,54.50000000000001,"from r^3 vs V plots, ",True
96,97,27,3,3d6,VI,HS,75.0,61.0,,False
97,98,27,4,3d5,IV,,54.0,40.0,,False
98,99,27,4,3d5,VI,HS,67.0,53.0,"from r^3 vs V plots, ",False
99,100,24,2,3d4,VI,LS,87.0,73.0,"estimated, ",False
100,101,24,2,3d4,VI,HS,94.0,80.0,"from r^3 vs V plots, ",False
101,102,24,3,3d3,VI,,75.5,61.5,"from r^3 vs V plots, ",True
102,103,24,4,3d2,IV,,55.00000000000001,41.0,,False
103,104,24,4,3d2,VI,,69.0,55.00000000000001,"from r^3 vs V plots, ",False
104,105,24,5,3d1,IV,,48.5,34.5,"from r^3 vs V plots, ",False
105,106,24,5,3d1,VI,,63.0,49.0,"estimated, from r^3 vs V plots, ",False
106,107,24,5,3d1,VIII,,71.0,56.99999999999999,,False
107,108,24,6,3p6,IV,,40.0,26.0,,False
108,109,24,6,3p6,VI,,57.99999999999999,44.0,"calculated, ",False
109,110,55,1,5p6,VI,,181.0,167.0,,False
110,111,55,1,5p6,VIII,,188.0,174.0,,False
111,112,55,1,5p6,IX,,192.0,178.0,,False
112,113,55,1,5p6,X,,195.0,181.0,,False
113,114,55,1,5p6,XI,,199.0,185.0,,False
114,115,55,1,5p6,XII,,202.0,188.0,,False
115,116,29,1,3d10,II,,60.0,46.0,,False
116,117,29,1,3d10,IV,,74.0,60.0,"estimated, ",False
117,118,29,1,3d10,VI,,91.0,77.0,"estimated, ",False
118,119,29,2,3d9,IV,,71.0,56.99999999999999,,False
119,120,29,2,3d9,IVSQ,,71.0,56.99999999999999,,True
120,121,29,2,3d9,V,,79.0,65.0,,True
121,122,29,2,3d9,VI,,87.0,73.0,,False
122,123,29,3,3d8,VI,LS,60.0,54.0,,False
123,124,66,2,4f10,VI,,121.0,107.0,,False
124,125,66,2,4f10,VII,,127.0,112.99999999999999,,False
125,126,66,2,4f10,VIII,,133.0,119.0,,False
126,127,66,3,4f9,VI,,105.2,91.2,"from r^3 vs V plots, ",False
127,128,66,3,4f9,VII,,111.00000000000001,97.0,,False
128,129,66,3,4f9,VIII,,116.7,102.69999999999999,"from r^3 vs V plots, ",False
129,130,66,3,4f9,IX,,122.30000000000001,108.3,"from r^3 vs V plots, ",False
130,131,68,3,4f11,VI,,103.0,89.0,"from r^3 vs V plots, ",False
131,132,68,3,4f11,VII,,108.5,94.5,,False
132,133,68,3,4f11,VIII,,114.39999999999999,100.4,"from r^3 vs V plots, ",False
133,134,68,3,4f11,IX,,120.19999999999999,106.2,"from r^3 vs V plots, ",False
134,135,63,2,4f7,VI,,131.0,117.0,,False
135,136,63,2,4f7,VII,,134.0,120.0,,False
136,137,63,2,4f7,VIII,,139.0,125.0,,False
137,138,63,2,4f7,IX,,144.0,130.0,,False
138,139,63,2,4f7,X,,149.0,135.0,,False
139,140,63,3,4f6,VI,,108.7,94.69999999999999,"from r^3 vs V plots, ",False
140,141,63,3,4f6,VII,,114.99999999999999,101.0,,False
141,142,63,3,4f6,VIII,,120.6,106.60000000000001,"from r^3 vs V plots, ",False
142,143,63,3,4f6,IX,,126.0,112.00000000000001,"from r^3 vs V plots, ",False
143,144,9,-1,2p6,II,,114.5,128.5,,False
144,145,9,-1,2p6,III,,115.99999999999999,130.0,,False
145,146,9,-1,2p6,IV,,117.0,131.0,,False
146,147,9,-1,2p6,VI,,119.0,133.0,,False
147,148,9,7,1s2,VI,,22.0,8.0,"Ahrens (1952) ionic radius, ",False
148,149,26,2,3d6,IV,HS,77.0,63.0,,False
149,150,26,2,3d6,IVSQ,HS,78.0,64.0,,False
150,151,26,2,3d6,VI,LS,75.0,61.0,"estimated, ",False
151,152,26,2,3d6,VI,HS,92.0,78.0,"from r^3 vs V plots, ",True
152,153,26,2,3d6,VIII,HS,106.0,92.0,"calculated, ",False
153,154,26,3,3d5,IV,HS,63.0,49.0,,True
154,155,26,3,3d5,V,,72.0,57.99999999999999,,False
155,156,26,3,3d5,VI,LS,69.0,55.00000000000001,"from r^3 vs V plots, ",False
156,157,26,3,3d5,VI,HS,78.5,64.5,"from r^3 vs V plots, ",True
157,158,26,3,3d5,VIII,HS,92.0,78.0,,False
158,159,26,4,3d4,VI,,72.5,58.5,"from r^3 vs V plots, ",False
159,160,26,6,3d2,IV,,39.0,25.0,"from r^3 vs V plots, ",False
160,161,87,1,6p6,VI,,194.0,180.0,"Ahrens (1952) ionic radius, ",False
161,162,31,3,3d10,IV,,61.0,47.0,,True
162,163,31,3,3d10,V,,69.0,55.00000000000001,,False
163,164,31,3,3d10,VI,,76.0,62.0,"from r^3 vs V plots, ",True
164,165,64,3,4f7,VI,,107.80000000000001,93.8,"from r^3 vs V plots, ",False
165,166,64,3,4f7,VII,,113.99999999999999,100.0,,False
166,167,64,3,4f7,VIII,,119.30000000000001,105.3,"from r^3 vs V plots, ",False
167,168,64,3,4f7,IX,,124.70000000000002,110.7,"from r^3 vs V plots, calculated, ",False
168,169,32,2,4s2,VI,,87.0,73.0,"Ahrens (1952) ionic radius, ",False
169,170,32,4,3d10,IV,,53.0,39.0,,True
170,171,32,4,3d10,VI,,67.0,53.0,"from r^3 vs V plots, ",True
171,172,1,1,1s0,I,,-24.0,-38.0,,False
172,173,1,1,1s0,II,,-4.0,-18.0,,False
173,174,72,4,4f14,IV,,72.0,57.99999999999999,"from r^3 vs V plots, ",False
174,175,72,4,4f14,VI,,85.0,71.0,"from r^3 vs V plots, ",False
175,176,72,4,4f14,VII,,90.0,76.0,,False
176,177,72,4,4f14,VIII,,97.0,83.0,,False
177,178,80,1,6s1,III,,111.00000000000001,97.0,,False
178,179,80,1,6s1,VI,,133.0,119.0,,False
179,180,80,2,5d10,II,,83.0,69.0,,False
180,181,80,2,5d10,IV,,110.00000000000001,96.0,,False
181,182,80,2,5d10,VI,,115.99999999999999,102.0,,False
182,183,80,2,5d10,VIII,,128.0,113.99999999999999,"from r^3 vs V plots, ",False
183,184,67,3,4f10,VI,,104.1,90.10000000000001,"from r^3 vs V plots, ",False
184,185,67,3,4f10,VIII,,115.5,101.49999999999999,"from r^3 vs V plots, ",False
185,186,67,3,4f10,IX,,121.2,107.2,"from r^3 vs V plots, ",False
186,187,67,3,4f10,X,,126.0,112.00000000000001,,False
187,188,53,-1,5p6,VI,,206.0,220.00000000000003,"Ahrens (1952) ionic radius, ",False
188,189,53,5,5s2,IIIPY,,57.99999999999999,44.0,,True
189,190,53,5,5s2,VI,,109.00000000000001,95.0,,False
190,191,53,7,4d10,IV,,56.00000000000001,42.0,,False
191,192,53,7,4d10,VI,,67.0,53.0,,False
192,193,49,3,4d10,IV,,76.0,62.0,,False
193,194,49,3,4d10,VI,,94.0,80.0,"from r^3 vs V plots, ",True
194,195,49,3,4d10,VIII,,106.0,92.0,"from r^3 vs V plots, calculated, ",False
195,196,77,3,5d6,VI,,82.0,68.0,"estimated, ",False
196,197,77,4,5d5,VI,,76.5,62.5,"from r^3 vs V plots, ",False
197,198,77,5,5d4,VI,,71.0,56.99999999999999,"estimated, from metallic oxides, ",False
198,199,19,1,3p6,IV,,151.0,137.0,,False
199,200,19,1,3p6,VI,,152.0,138.0,,False
200,201,19,1,3p6,VII,,160.0,146.0,,False
201,202,19,1,3p6,VIII,,165.0,151.0,,False
202,203,19,1,3p6,IX,,169.0,155.0,,False
203,204,19,1,3p6,X,,173.0,159.0,,False
204,205,19,1,3p6,XII,,178.0,164.0,,False
205,206,57,3,4d10,VI,,117.19999999999999,103.2,"from r^3 vs V plots, ",False
206,207,57,3,4d10,VII,,124.0,110.00000000000001,,False
207,208,57,3,4d10,VIII,,130.0,115.99999999999999,"from r^3 vs V plots, ",False
208,209,57,3,4d10,IX,,135.60000000000002,121.6,"from r^3 vs V plots, ",False
209,210,57,3,4d10,X,,141.0,127.0,,False
210,211,57,3,4d10,XII,,150.0,136.0,"calculated, ",False
211,212,3,1,1s2,IV,,73.0,59.0,,True
212,213,3,1,1s2,VI,,90.0,76.0,,True
213,214,3,1,1s2,VIII,,106.0,92.0,"calculated, ",False
214,215,71,3,4f14,VI,,100.1,86.1,"from r^3 vs V plots, ",False
215,216,71,3,4f14,VIII,,111.7,97.7,"from r^3 vs V plots, ",False
216,217,71,3,4f14,IX,,117.19999999999999,103.2,"from r^3 vs V plots, ",False
217,218,12,2,2p6,IV,,71.0,56.99999999999999,,False
218,219,12,2,2p6,V,,80.0,66.0,,False
219,220,12,2,2p6,VI,,86.0,72.0,,True
220,221,12,2,2p6,VIII,,103.0,89.0,"calculated, ",False
221,222,25,2,3d5,IV,HS,80.0,66.0,,False
222,223,25,2,3d5,V,HS,89.0,75.0,"calculated, ",False
223,224,25,2,3d5,VI,LS,81.0,67.0,"estimated, ",False
224,225,25,2,3d5,VI,HS,97.0,83.0,"from r^3 vs V plots, ",True
225,226,25,2,3d5,VII,HS,104.0,90.0,"calculated, ",False
226,227,25,2,3d5,VIII,,110.00000000000001,96.0,"from r^3 vs V plots, ",False
227,228,25,3,3d4,V,,72.0,57.99999999999999,,False
228,229,25,3,3d4,VI,LS,72.0,57.99999999999999,"from r^3 vs V plots, ",False
229,230,25,3,3d4,VI,HS,78.5,64.5,"from r^3 vs V plots, ",True
230,231,25,4,3d3,IV,,53.0,39.0,"from r^3 vs V plots, ",False
231,232,25,4,3d3,VI,,67.0,53.0,"from r^3 vs V plots, ",True
232,233,25,5,3d2,IV,,47.0,33.0,"from r^3 vs V plots, ",False
233,234,25,6,3d1,IV,,39.5,25.5,,False
234,235,25,7,3p6,IV,,39.0,25.0,,False
235,236,25,7,3p6,VI,,60.0,46.0,"Ahrens (1952) ionic radius, ",False
236,237,42,3,4d3,VI,,83.0,69.0,"estimated, ",False
237,238,42,4,4d2,VI,,79.0,65.0,"from r^3 vs V plots, from metallic oxides, ",False
238,239,42,5,4d1,IV,,60.0,46.0,"from r^3 vs V plots, ",False
239,240,42,5,4d1,VI,,75.0,61.0,"from r^3 vs V plots, ",False
240,241,42,6,4p6,IV,,55.00000000000001,41.0,"from r^3 vs V plots, ",True
241,242,42,6,4p6,V,,64.0,50.0,,False
242,243,42,6,4p6,VI,,73.0,59.0,"from r^3 vs V plots, ",True
243,244,42,6,4p6,VII,,87.0,73.0,,False
244,245,7,-3,2p6,IV,,132.0,146.0,,False
245,246,7,3,2s2,VI,,30.0,16.0,"Ahrens (1952) ionic radius, ",False
246,247,7,5,1s2,III,,4.3999999999999995,-10.4,,False
247,248,7,5,1s2,VI,,27.0,13.0,"Ahrens (1952) ionic radius, ",False
248,249,11,1,2p6,IV,,112.99999999999999,99.0,,False
249,250,11,1,2p6,V,,113.99999999999999,100.0,,False
250,251,11,1,2p6,VI,,115.99999999999999,102.0,,False
251,252,11,1,2p6,VII,,126.0,112.00000000000001,,False
252,253,11,1,2p6,VIII,,132.0,118.0,,False
253,254,11,1,2p6,IX,,138.0,124.0,"calculated, ",False
254,255,11,1,2p6,XII,,153.0,139.0,,False
255,256,41,3,4d2,VI,,86.0,72.0,,False
256,257,41,4,4d1,VI,,82.0,68.0,"from r^3 vs V plots, estimated, ",False
257,258,41,4,4d1,VIII,,93.0,79.0,,False
258,259,41,5,4p6,IV,,62.0,48.0,"calculated, ",False
259,260,41,5,4p6,VI,,78.0,64.0,,False
260,261,41,5,4p6,VII,,83.0,69.0,"calculated, ",False
261,262,41,5,4p6,VIII,,88.0,74.0,,False
262,263,60,2,4f4,VIII,,143.0,129.0,,False
263,264,60,2,4f4,IX,,149.0,135.0,,False
264,265,60,3,4f3,VI,,112.3,98.3,"from r^3 vs V plots, ",False
265,266,60,3,4f3,VIII,,124.9,110.9,"from r^3 vs V plots, ",True
266,267,60,3,4f3,IX,,130.29999999999998,116.3,"from r^3 vs V plots, ",False
267,268,60,3,4f3,XII,,141.0,127.0,"estimated, ",False
268,269,28,2,3d8,IV,,69.0,55.00000000000001,,False
269,270,28,2,3d8,IVSQ,,63.0,49.0,,False
270,271,28,2,3d8,V,,77.0,63.0,"estimated, ",False
271,272,28,2,3d8,VI,,83.0,69.0,"from r^3 vs V plots, ",True
272,273,28,3,3d7,VI,LS,70.0,56.00000000000001,"from r^3 vs V plots, ",True
273,274,28,3,3d7,VI,HS,74.0,60.0,"estimated, ",False
274,275,28,4,3d6,VI,LS,62.0,48.0,"from r^3 vs V plots, ",False
275,276,102,2,5f14,VI,,124.0,110.00000000000001,"estimated, ",False
276,277,93,2,5f5,VI,,124.0,110.00000000000001,,False
277,278,93,3,5f4,VI,,114.99999999999999,101.0,"from r^3 vs V plots, ",False
278,279,93,4,5f3,VI,,101.0,87.0,"from r^3 vs V plots, ",False
279,280,93,4,5f3,VIII,,112.00000000000001,98.0,"from r^3 vs V plots, ",False
280,281,93,5,5f2,VI,,89.0,75.0,,False
281,282,93,6,5f1,VI,,86.0,72.0,"from r^3 vs V plots, ",False
282,283,93,7,6p6,VI,,85.0,71.0,"Ahrens (1952) ionic radius, ",False
283,284,8,-2,2p6,II,,121.0,135.0,,False
284,285,8,-2,2p6,III,,122.0,136.0,,False
285,286,8,-2,2p6,IV,,124.0,138.0,,False
286,287,8,-2,2p6,VI,,126.0,140.0,,False
287,288,8,-2,2p6,VIII,,128.0,142.0,,False
288,289,76,4,5d4,VI,,77.0,63.0,"from r^3 vs V plots, from metallic oxides, ",False
289,290,76,5,5d3,VI,,71.5,57.49999999999999,"estimated, ",False
290,291,76,6,5d2,V,,63.0,49.0,,False
291,292,76,6,5d2,VI,,68.5,54.50000000000001,"estimated, ",False
292,293,76,7,5d1,VI,,66.5,52.5,"estimated, ",False
293,294,76,8,5p6,IV,,53.0,39.0,,False
294,295,15,3,3s2,VI,,57.99999999999999,44.0,"Ahrens (1952) ionic radius, ",False
295,296,15,5,2p6,IV,,31.0,17.0,,True
296,297,15,5,2p6,V,,43.0,28.999999999999996,,False
297,298,15,5,2p6,VI,,52.0,38.0,"calculated, ",False
298,299,91,3,5f2,VI,,118.0,104.0,"estimated, ",False
299,300,91,4,6d1,VI,,104.0,90.0,"from r^3 vs V plots, ",False
300,301,91,4,6d1,VIII,,114.99999999999999,101.0,,False
301,302,91,5,6p6,VI,,92.0,78.0,,False
302,303,91,5,6p6,VIII,,105.0,91.0,,False
303,304,91,5,6p6,IX,,109.00000000000001,95.0,,False
304,305,82,2,6s2,IVPY,,112.00000000000001,98.0,"calculated, ",False
305,306,82,2,6s2,VI,,133.0,119.0,,False
306,307,82,2,6s2,VII,,137.0,123.0,"calculated, ",False
307,308,82,2,6s2,VIII,,143.0,129.0,"calculated, ",False
308,309,82,2,6s2,IX,,149.0,135.0,"calculated, ",False
309,310,82,2,6s2,X,,154.0,140.0,"calculated, ",False
310,311,82,2,6s2,XI,,159.0,145.0,"calculated, ",False
311,312,82,2,6s2,XII,,163.0,149.0,,False
312,313,82,4,5d10,IV,,79.0,65.0,"estimated, ",False
313,314,82,4,5d10,V,,87.0,73.0,"estimated, ",False
314,315,82,4,5d10,VI,,91.5,77.5,"from r^3 vs V plots, ",False
315,316,82,4,5d10,VIII,,108.0,94.0,"from r^3 vs V plots, ",False
316,317,46,1,4d9,II,,73.0,59.0,,False
317,318,46,2,4d8,IVSQ,,78.0,64.0,,False
318,319,46,2,4d8,VI,,100.0,86.0,,False
319,320,46,3,4d7,VI,,90.0,76.0,,False
320,321,46,4,4d6,VI,,75.5,61.5,"from r^3 vs V plots, ",False
321,322,61,3,4f4,VI,,111.00000000000001,97.0,"from r^3 vs V plots, ",False
322,323,61,3,4f4,VIII,,123.30000000000001,109.3,"from r^3 vs V plots, ",False
323,324,61,3,4f4,IX,,128.4,114.39999999999999,"from r^3 vs V plots, ",False
324,325,84,4,6s2,VI,,108.0,94.0,"from r^3 vs V plots, ",False
325,326,84,4,6s2,VIII,,122.0,108.0,"from r^3 vs V plots, ",False
326,327,84,6,5d10,VI,,81.0,67.0,"Ahrens (1952) ionic radius, ",False
327,328,59,3,4f2,VI,,112.99999999999999,99.0,"from r^3 vs V plots, ",False
328,329,59,3,4f2,VIII,,126.6,112.6,"from r^3 vs V plots, ",False
329,330,59,3,4f2,IX,,131.9,117.9,"from r^3 vs V plots, ",False
330,331,59,4,4f1,VI,,99.0,85.0,"from r^3 vs V plots, ",False
331,332,59,4,4f1,VIII,,110.00000000000001,96.0,"from r^3 vs V plots, ",False
332,333,78,2,5d8,IVSQ,,74.0,60.0,,False
333,334,78,2,5d8,VI,,94.0,80.0,"Ahrens (1952) ionic radius, ",False
334,335,78,4,5d6,VI,,76.5,62.5,"from r^3 vs V plots, ",False
335,336,78,5,5d5,VI,,71.0,56.99999999999999,"estimated, from r^3 vs V plots, ",False
336,337,94,3,5f5,VI,,113.99999999999999,100.0,"from r^3 vs V plots, ",False
337,338,94,4,5f4,VI,,100.0,86.0,"from r^3 vs V plots, ",False
338,339,94,4,5f4,VIII,,110.00000000000001,96.0,,False
339,340,94,5,5f3,VI,,88.0,74.0,"estimated, ",False
340,341,94,6,5f2,VI,,85.0,71.0,"from r^3 vs V plots, ",False
341,342,88,2,6p6,VIII,,162.0,148.0,"from r^3 vs V plots, ",False
342,343,88,2,6p6,XII,,184.0,170.0,"from r^3 vs V plots, ",False
343,344,37,1,4p6,VI,,166.0,152.0,,False
344,345,37,1,4p6,VII,,170.0,156.0,,False
345,346,37,1,4p6,VIII,,175.0,161.0,,False
346,347,37,1,4p6,IX,,177.0,163.0,"estimated, ",False
347,348,37,1,4p6,X,,180.0,166.0,,False
348,349,37,1,4p6,XI,,183.0,169.0,,False
349,350,37,1,4p6,XII,,186.0,172.0,,False
350,351,37,1,4p6,XIV,,197.0,183.0,,False
351,352,75,4,5d3,VI,,77.0,63.0,"from r^3 vs V plots, from metallic oxides, ",False
352,353,75,5,5d2,VI,,72.0,57.99999999999999,"estimated, ",False
353,354,75,6,5d1,VI,,69.0,55.00000000000001,"estimated, ",False
354,355,75,7,5p6,IV,,52.0,38.0,,False
355,356,75,7,5p6,VI,,67.0,53.0,,False
356,357,45,3,4d6,VI,,80.5,66.5,"from r^3 vs V plots, ",False
357,358,45,4,4d5,VI,,74.0,60.0,"from r^3 vs V plots, from metallic oxides, ",False
358,359,45,5,4d4,VI,,69.0,55.00000000000001,,False
359,360,44,3,4d5,VI,,82.0,68.0,,False
360,361,44,4,4d4,VI,,76.0,62.0,"from r^3 vs V plots, from metallic oxides, ",False
361,362,44,5,4d3,VI,,70.5,56.49999999999999,"estimated, from r^3 vs V plots, ",False
362,363,44,7,4d1,IV,,52.0,38.0,,False
363,364,44,8,4p6,IV,,50.0,36.0,,False
364,365,16,-2,3p6,VI,,170.0,184.0,"Pauling's (1960) crystal radius, ",False
365,366,16,4,3s2,VI,,51.0,37.0,"Ahrens (1952) ionic radius, ",False
366,367,16,6,2p6,IV,,26.0,12.0,,True
367,368,16,6,2p6,VI,,43.0,28.999999999999996,"calculated, ",False
368,369,51,3,5s2,IVPY,,90.0,76.0,,False
369,370,51,3,5s2,V,,94.0,80.0,,False
370,371,51,3,5s2,VI,,90.0,76.0,"Ahrens (1952) ionic radius, ",False
371,372,51,5,4d10,VI,,74.0,60.0,,True
372,373,21,3,3p6,VI,,88.5,74.5,"from r^3 vs V plots, ",True
373,374,21,3,3p6,VIII,,101.0,87.0,"from r^3 vs V plots, ",True
374,375,34,-2,4p6,VI,,184.0,198.0,"Pauling's (1960) crystal radius, ",False
375,376,34,4,4s2,VI,,64.0,50.0,"Ahrens (1952) ionic radius, ",False
376,377,34,6,3d10,IV,,42.0,28.000000000000004,,True
377,378,34,6,3d10,VI,,56.00000000000001,42.0,"calculated, ",False
378,379,14,4,2p6,IV,,40.0,26.0,,True
379,380,14,4,2p6,VI,,54.0,40.0,"from r^3 vs V plots, ",True
380,381,62,2,4f6,VII,,136.0,122.0,,False
381,382,62,2,4f6,VIII,,141.0,127.0,,False
382,383,62,2,4f6,IX,,146.0,132.0,,False
383,384,62,3,4f5,VI,,109.80000000000001,95.8,"from r^3 vs V plots, ",False
384,385,62,3,4f5,VII,,115.99999999999999,102.0,"estimated, ",False
385,386,62,3,4f5,VIII,,121.9,107.89999999999999,"from r^3 vs V plots, ",False
386,387,62,3,4f5,IX,,127.2,113.19999999999999,"from r^3 vs V plots, ",False
387,388,62,3,4f5,XII,,138.0,124.0,"calculated, ",False
388,389,50,4,4d10,IV,,69.0,55.00000000000001,"from r^3 vs V plots, ",False
389,390,50,4,4d10,V,,76.0,62.0,"calculated, ",False
390,391,50,4,4d10,VI,,83.0,69.0,"from r^3 vs V plots, ",True
391,392,50,4,4d10,VII,,89.0,75.0,,False
392,393,50,4,4d10,VIII,,95.0,81.0,"calculated, ",False
393,394,38,2,4p6,VI,,132.0,118.0,,False
394,395,38,2,4p6,VII,,135.0,121.0,,False
395,396,38,2,4p6,VIII,,140.0,126.0,,False
396,397,38,2,4p6,IX,,145.0,131.0,,False
397,398,38,2,4p6,X,,150.0,136.0,"calculated, ",False
398,399,38,2,4p6,XII,,158.0,144.0,"calculated, ",False
399,400,73,3,5d2,VI,,86.0,72.0,"estimated, ",False
400,401,73,4,5d1,VI,,82.0,68.0,"estimated, ",False
401,402,73,5,5p6,VI,,78.0,64.0,,False
402,403,73,5,5p6,VII,,83.0,69.0,,False
403,404,73,5,5p6,VIII,,88.0,74.0,,False
404,405,65,3,4f8,VI,,106.3,92.30000000000001,"from r^3 vs V plots, ",False
405,406,65,3,4f8,VII,,112.00000000000001,98.0,"estimated, ",False
406,407,65,3,4f8,VIII,,118.0,104.0,"from r^3 vs V plots, ",False
407,408,65,3,4f8,IX,,123.50000000000001,109.5,"from r^3 vs V plots, ",False
408,409,65,4,4f7,VI,,90.0,76.0,"from r^3 vs V plots, ",False
409,410,65,4,4f7,VIII,,102.0,88.0,,False
410,411,43,4,4d3,VI,,78.5,64.5,"from r^3 vs V plots, from metallic oxides, ",False
411,412,43,5,4d2,VI,,74.0,60.0,"estimated, from r^3 vs V plots, ",False
412,413,43,7,4p6,IV,,51.0,37.0,,False
413,414,43,7,4p6,VI,,70.0,56.00000000000001,"Ahrens (1952) ionic radius, ",False
414,415,52,-2,5p6,VI,,206.99999999999997,221.0,"Pauling's (1960) crystal radius, ",False
415,416,52,4,5s2,III,,66.0,52.0,,False
416,417,52,4,5s2,IV,,80.0,66.0,,False
417,418,52,4,5s2,VI,,111.00000000000001,97.0,,False
418,419,52,6,4d10,IV,,56.99999999999999,43.0,"calculated, ",False
419,420,52,6,4d10,VI,,70.0,56.00000000000001,,True
420,421,90,4,6p6,VI,,108.0,94.0,"calculated, ",False
421,422,90,4,6p6,VIII,,119.0,105.0,"from r^3 vs V plots, calculated, ",False
422,423,90,4,6p6,IX,,123.0,109.00000000000001,,True
423,424,90,4,6p6,X,,127.0,112.99999999999999,"estimated, ",False
424,425,90,4,6p6,XI,,132.0,118.0,"calculated, ",False
425,426,90,4,6p6,XII,,135.0,121.0,"calculated, ",False
426,427,22,2,3d2,VI,,100.0,86.0,"estimated, ",False
427,428,22,3,3d1,VI,,81.0,67.0,"from r^3 vs V plots, ",True
428,429,22,4,3p6,IV,,56.00000000000001,42.0,"calculated, ",False
429,430,22,4,3p6,V,,65.0,51.0,"calculated, ",False
430,431,22,4,3p6,VI,,74.5,60.5,"from r^3 vs V plots, ",True
431,432,22,4,3p6,VIII,,88.0,74.0,"calculated, ",False
432,433,81,1,6s2,VI,,164.0,150.0,"from r^3 vs V plots, ",False
433,434,81,1,6s2,VIII,,173.0,159.0,"from r^3 vs V plots, ",False
434,435,81,1,6s2,XII,,184.0,170.0,"from r^3 vs V plots, estimated, ",False
435,436,81,3,5d10,IV,,89.0,75.0,,False
436,437,81,3,5d10,VI,,102.49999999999999,88.5,"from r^3 vs V plots, ",False
437,438,81,3,5d10,VIII,,112.00000000000001,98.0,"calculated, ",False
438,439,69,2,4f13,VI,,117.0,103.0,,False
439,440,69,2,4f13,VII,,123.0,109.00000000000001,,False
440,441,69,3,4f12,VI,,102.0,88.0,"from r^3 vs V plots, ",False
441,442,69,3,4f12,VIII,,113.39999999999999,99.4,"from r^3 vs V plots, ",False
442,443,69,3,4f12,IX,,119.19999999999999,105.2,"from r^3 vs V plots, ",False
443,444,92,3,5f3,VI,,116.5,102.49999999999999,"from r^3 vs V plots, ",False
444,445,92,4,5f2,VI,,103.0,89.0,,False
445,446,92,4,5f2,VII,,109.00000000000001,95.0,"estimated, ",False
446,447,92,4,5f2,VIII,,113.99999999999999,100.0,"from r^3 vs V plots, ",True
447,448,92,4,5f2,IX,,119.0,105.0,,False
448,449,92,4,5f2,XII,,131.0,117.0,"estimated, ",False
449,450,92,5,5f1,VI,,90.0,76.0,,False
450,451,92,5,5f1,VII,,98.0,84.0,"estimated, ",False
451,452,92,6,6p6,II,,59.0,45.0,,False
452,453,92,6,6p6,IV,,66.0,52.0,,False
453,454,92,6,6p6,VI,,87.0,73.0,,True
454,455,92,6,6p6,VII,,95.0,81.0,"estimated, ",False
455,456,92,6,6p6,VIII,,100.0,86.0,,False
456,457,23,2,3d3,VI,,93.0,79.0,,False
457,458,23,3,3d2,VI,,78.0,64.0,"from r^3 vs V plots, ",True
458,459,23,4,3d1,V,,67.0,53.0,,False
459,460,23,4,3d1,VI,,72.0,57.99999999999999,"from r^3 vs V plots, ",True
460,461,23,4,3d1,VIII,,86.0,72.0,"estimated, ",False
461,462,23,5,3p6,IV,,49.5,35.5,"from r^3 vs V plots, ",True
462,463,23,5,3p6,V,,60.0,46.0,,True
463,464,23,5,3p6,VI,,68.0,54.0,,False
464,465,74,4,5d2,VI,,80.0,66.0,"from r^3 vs V plots, from metallic oxides, ",False
465,466,74,5,5d1,VI,,76.0,62.0,"from r^3 vs V plots, ",False
466,467,74,6,5p6,IV,,56.00000000000001,42.0,,True
467,468,74,6,5p6,V,,65.0,51.0,,False
468,469,74,6,5p6,VI,,74.0,60.0,,True
469,470,54,8,4d10,IV,,54.0,40.0,,False
470,471,54,8,4d10,VI,,62.0,48.0,,False
471,472,39,3,4p6,VI,,104.0,90.0,"from r^3 vs V plots, ",True
472,473,39,3,4p6,VII,,110.00000000000001,96.0,,False
473,474,39,3,4p6,VIII,,115.9,101.89999999999999,"from r^3 vs V plots, ",True
474,475,39,3,4p6,IX,,121.50000000000001,107.5,"from r^3 vs V plots, ",False
475,476,70,2,4f14,VI,,115.99999999999999,102.0,,False
476,477,70,2,4f14,VII,,122.0,108.0,"estimated, ",False
477,478,70,2,4f14,VIII,,128.0,113.99999999999999,,False
478,479,70,3,4f13,VI,,100.8,86.8,"from r^3 vs V plots, ",True
479,480,70,3,4f13,VII,,106.5,92.5,"estimated, ",False
480,481,70,3,4f13,VIII,,112.5,98.5,"from r^3 vs V plots, ",False
481,482,70,3,4f13,IX,,118.19999999999999,104.2,"from r^3 vs V plots, ",False
482,483,30,2,3d10,IV,,74.0,60.0,,True
483,484,30,2,3d10,V,,82.0,68.0,,True
484,485,30,2,3d10,VI,,88.0,74.0,"from r^3 vs V plots, ",True
485,486,30,2,3d10,VIII,,104.0,90.0,"calculated, ",False
486,487,40,4,4p6,IV,,73.0,59.0,"from r^3 vs V plots, ",False
487,488,40,4,4p6,V,,80.0,66.0,"calculated, ",False
488,489,40,4,4p6,VI,,86.0,72.0,"from r^3 vs V plots, ",True
489,490,40,4,4p6,VII,,92.0,78.0,,True
490,491,40,4,4p6,VIII,,98.0,84.0,,True
491,492,40,4,4p6,IX,,103.0,89.0,,False
492,493,89,3,,IX,,136.0,122.0,,
493,494,90,3,,IX,,134.9,120.9,,
494,495,91,3,,IX,,133.9,119.9,,
495,496,92,3,,IX,,132.9,118.9,,
496,497,93,3,,IX,,131.8,117.8,,
497,498,94,3,,IX,,130.8,116.8,,
498,499,95,3,,IX,,129.7,115.7,,
499,500,96,3,,IX,,128.7,114.7,,
500,501,97,3,,IX,,127.7,113.7,,
501,502,98,3,,IX,,126.6,112.6,,
502,503,99,3,,IX,,125.6,111.6,,
503,504,100,3,,IX,,124.5,110.5,,
504,505,101,3,,IX,,123.5,109.5,,
505,506,102,3,,IX,,122.5,108.5,,
506,507,103,3,,IX,,121.4,107.4,,
