Name,Ion,Adsorption energy(ev)
LiLiGeFFFF,Li+,-7.004905301
LiLiGeFFFF,Zn2+,0.395232218
LiLiGeFFFF,K+,-6.580689236
LiLiGeFFFF,Na+,-5.557394705
LiLiGeFFFF,Al3+,2.60843733
LiLiGeFFFF,Ca2+,-4.458869904
LiLiGeFFFF,Mg2+,-2.617333558
LiLiGeFFFF,F-,-13.35827855
NaNaGeFFFF,Li+,-6.304996168
NaNaGeFFFF,Zn2+,0.779810172
NaNaGeFFFF,K+,-4.859987159
NaNaGeFFFF,Na+,-4.392485732
NaNaGeFFFF,Al3+,2.445059067
NaNaGeFFFF,Ca2+,-4.034477
NaNaGeFFFF,Mg2+,-1.905821399
NaNaGeFFFF,F-,-11.40650088
KKGeFFFF,Li+,-5.17872263
KKGeFFFF,Zn2+,1.015365728
KKGeFFFF,K+,-4.279829728
KKGeFFFF,Na+,-3.49526924
KKGeFFFF,Al3+,3.473451874
KKGeFFFF,Ca2+,-5.440871128
KKGeFFFF,Mg2+,-3.421779538
KKGeFFFF,F-,-8.81777966
RbRbGeFFFF,Li+,-5.704848985
RbRbGeFFFF,Zn2+,0.635692636
RbRbGeFFFF,K+,-3.757852566
RbRbGeFFFF,Na+,-3.568199095
RbRbGeFFFF,Al3+,2.687744372
RbRbGeFFFF,Ca2+,-5.57150012
RbRbGeFFFF,Mg2+,-2.414699298
RbRbGeFFFF,F-,-8.249667964
CsCsGeFFFF,Li+,-5.009409295
CsCsGeFFFF,Zn2+,-0.791493568
CsCsGeFFFF,K+,-4.085265312
CsCsGeFFFF,Na+,-3.565520716
CsCsGeFFFF,Al3+,1.699125694
CsCsGeFFFF,Ca2+,-5.540833414
CsCsGeFFFF,Mg2+,-3.383696489
CsCsGeFFFF,F-,-7.281970438
LiLiSnFFFF,Li+,-5.823138684
LiLiSnFFFF,Zn2+,3.960145741
LiLiSnFFFF,K+,-6.456937371
LiLiSnFFFF,Na+,-5.465505127
LiLiSnFFFF,Al3+,4.019632806
LiLiSnFFFF,Ca2+,-3.93656148
LiLiSnFFFF,Mg2+,-1.165239062
LiLiSnFFFF,F-,-12.05045103
NaNaSnFFFF,Li+,-4.837620745
NaNaSnFFFF,Zn2+,2.712325345
NaNaSnFFFF,K+,-4.7944616
NaNaSnFFFF,Na+,-3.706057036
NaNaSnFFFF,Al3+,3.564649558
NaNaSnFFFF,Ca2+,-2.902772482
NaNaSnFFFF,Mg2+,0.979513292
NaNaSnFFFF,F-,-10.73726054
KKSnFFFF,Li+,-4.835109209
KKSnFFFF,Zn2+,1.993860755
KKSnFFFF,K+,-4.0592526
KKSnFFFF,Na+,-3.130610528
KKSnFFFF,Al3+,1.743814447
KKSnFFFF,Ca2+,-5.048862204
KKSnFFFF,Mg2+,0.819711006
KKSnFFFF,F-,-7.969858795
RbRbSnFFFF,Li+,-4.946536375
RbRbSnFFFF,Zn2+,1.486081694
RbRbSnFFFF,K+,-3.832383375
RbRbSnFFFF,Na+,-3.136727376
RbRbSnFFFF,Al3+,1.686716454
RbRbSnFFFF,Ca2+,-4.83766668
RbRbSnFFFF,Mg2+,-2.535528963
RbRbSnFFFF,F-,-7.371474181
CsCsSnFFFF,Li+,-5.45288103
CsCsSnFFFF,Zn2+,1.685016226
CsCsSnFFFF,K+,-3.932141448
CsCsSnFFFF,Na+,-3.026246548
CsCsSnFFFF,Al3+,0.728120344
CsCsSnFFFF,Ca2+,-4.830825656
CsCsSnFFFF,Mg2+,-0.377144758
CsCsSnFFFF,F-,-6.990481547
LiLiPbFFFF,Li+,-6.554787557
LiLiPbFFFF,Zn2+,1.915913626
LiLiPbFFFF,K+,-6.311196207
LiLiPbFFFF,Na+,-4.949128579
LiLiPbFFFF,Al3+,5.509316862
LiLiPbFFFF,Ca2+,-4.518664855
LiLiPbFFFF,Mg2+,-1.565420384
LiLiPbFFFF,F-,-10.28486764
NaNaPbFFFF,Li+,-5.3735389
NaNaPbFFFF,Zn2+,3.55720975
NaNaPbFFFF,K+,-4.80816415
NaNaPbFFFF,Na+,-3.86949971
NaNaPbFFFF,Al3+,5.47817885
NaNaPbFFFF,Ca2+,-4.94571979
NaNaPbFFFF,Mg2+,1.23410665
NaNaPbFFFF,F-,-9.54072205
KKPbFFFF,Li+,-4.206627874
KKPbFFFF,Zn2+,3.358963631
KKPbFFFF,K+,-3.582942889
KKPbFFFF,Na+,-1.539424059
KKPbFFFF,Al3+,4.511224494
KKPbFFFF,Ca2+,-5.108576069
KKPbFFFF,Mg2+,1.051586031
KKPbFFFF,F-,-7.901793629
RbRbPbFFFF,Li+,-4.177363034
RbRbPbFFFF,Zn2+,2.711606316
RbRbPbFFFF,K+,-3.432426714
RbRbPbFFFF,Na+,-2.158653524
RbRbPbFFFF,Al3+,3.871614902
RbRbPbFFFF,Ca2+,-5.440170134
RbRbPbFFFF,Mg2+,0.157720926
RbRbPbFFFF,F-,-7.102517924
CsCsPbFFFF,Li+,-4.156004827
CsCsPbFFFF,Zn2+,2.023505357
CsCsPbFFFF,K+,-3.406367253
CsCsPbFFFF,Na+,-2.342525463
CsCsPbFFFF,Al3+,1.990576679
CsCsPbFFFF,Ca2+,-4.928682183
CsCsPbFFFF,Mg2+,0.133223657
CsCsPbFFFF,F-,-6.119350423
LiLiGeClClClCl,Li+,-1.832823251
LiLiGeClClClCl,Zn2+,3.777824511
LiLiGeClClClCl,K+,-4.126512849
LiLiGeClClClCl,Na+,-2.909551746
LiLiGeClClClCl,Al3+,3.340346276
LiLiGeClClClCl,Ca2+,-2.173177879
LiLiGeClClClCl,Mg2+,0.736065132
LiLiGeClClClCl,F-,-9.31851394
NaNaGeClClClCl,Li+,-3.42729406
NaNaGeClClClCl,Zn2+,3.320645807
NaNaGeClClClCl,K+,-3.148156847
NaNaGeClClClCl,Na+,-1.638127123
NaNaGeClClClCl,Al3+,2.743092896
NaNaGeClClClCl,Ca2+,-2.166247802
NaNaGeClClClCl,Mg2+,1.335308003
NaNaGeClClClCl,F-,-6.828724471
KKGeClClClCl,Li+,-3.065609443
KKGeClClClCl,Zn2+,2.939546259
KKGeClClClCl,K+,-2.328286464
KKGeClClClCl,Na+,-1.588413507
KKGeClClClCl,Al3+,1.604891496
KKGeClClClCl,Ca2+,-3.078479652
KKGeClClClCl,Mg2+,1.047394725
KKGeClClClCl,F-,-5.213970046
RbRbGeClClClCl,Li+,-3.194760603
RbRbGeClClClCl,Zn2+,2.467942862
RbRbGeClClClCl,K+,-2.477235817
RbRbGeClClClCl,Na+,-1.430853602
RbRbGeClClClCl,Al3+,0.916937753
RbRbGeClClClCl,Ca2+,-3.469620368
RbRbGeClClClCl,Mg2+,0.647958628
RbRbGeClClClCl,F-,-4.935473795
CsCsGeClClClCl,Li+,-3.46912126
CsCsGeClClClCl,Zn2+,1.810990162
CsCsGeClClClCl,K+,-2.696562842
CsCsGeClClClCl,Na+,-1.730756807
CsCsGeClClClCl,Al3+,-0.18753179
CsCsGeClClClCl,Ca2+,-4.141104151
CsCsGeClClClCl,Mg2+,-0.024211503
CsCsGeClClClCl,F-,-4.50841377
LiLiSnClClClCl,Li+,-3.570627906
LiLiSnClClClCl,Zn2+,4.102531588
LiLiSnClClClCl,K+,-4.083767235
LiLiSnClClClCl,Na+,-2.903680973
LiLiSnClClClCl,Al3+,3.74102164
LiLiSnClClClCl,Ca2+,-3.452336443
LiLiSnClClClCl,Mg2+,0.8978442
LiLiSnClClClCl,F-,-6.737654772
NaNaSnClClClCl,Li+,-3.558440376
NaNaSnClClClCl,Zn2+,3.073435172
NaNaSnClClClCl,K+,-2.712853055
NaNaSnClClClCl,Na+,-1.082114588
NaNaSnClClClCl,Al3+,2.897858813
NaNaSnClClClCl,Ca2+,-3.333193544
NaNaSnClClClCl,Mg2+,1.44977902
NaNaSnClClClCl,F-,-7.033810301
KKSnClClClCl,Li+,-2.785538001
KKSnClClClCl,Zn2+,2.789252478
KKSnClClClCl,K+,-2.005222748
KKSnClClClCl,Na+,-1.426904805
KKSnClClClCl,Al3+,1.809931352
KKSnClClClCl,Ca2+,-3.170026684
KKSnClClClCl,Mg2+,0.894924069
KKSnClClClCl,F-,-5.069294203
RbRbSnClClClCl,Li+,-3.106747692
RbRbSnClClClCl,Zn2+,2.474567052
RbRbSnClClClCl,K+,-2.267498176
RbRbSnClClClCl,Na+,-1.543364145
RbRbSnClClClCl,Al3+,1.130804147
RbRbSnClClClCl,Ca2+,-3.659855029
RbRbSnClClClCl,Mg2+,0.500923551
RbRbSnClClClCl,F-,-4.555662785
CsCsSnClClClCl,Li+,-3.395961453
CsCsSnClClClCl,Zn2+,1.787664027
CsCsSnClClClCl,K+,-2.523215937
CsCsSnClClClCl,Na+,-1.573896919
CsCsSnClClClCl,Al3+,0.082758158
CsCsSnClClClCl,Ca2+,-4.300815756
CsCsSnClClClCl,Mg2+,-0.097658479
CsCsSnClClClCl,F-,-3.962963901
LiLiPbClClClCl,Li+,-1.978120767
LiLiPbClClClCl,Zn2+,5.543178348
LiLiPbClClClCl,K+,-1.4576378
LiLiPbClClClCl,Na+,-0.404929894
LiLiPbClClClCl,Al3+,7.616963496
LiLiPbClClClCl,Ca2+,-0.967100768
LiLiPbClClClCl,Mg2+,3.664241832
LiLiPbClClClCl,F-,-6.75585978
NaNaPbClClClCl,Li+,-3.011189235
NaNaPbClClClCl,Zn2+,2.722065432
NaNaPbClClClCl,K+,-3.294370308
NaNaPbClClClCl,Na+,-1.850283128
NaNaPbClClClCl,Al3+,4.651654694
NaNaPbClClClCl,Ca2+,-3.481745878
NaNaPbClClClCl,Mg2+,0.468407502
NaNaPbClClClCl,F-,-6.276497898
KKPbClClClCl,Li+,-2.910459046
KKPbClClClCl,Zn2+,2.936111627
KKPbClClClCl,K+,-2.114829393
KKPbClClClCl,Na+,-1.347507933
KKPbClClClCl,Al3+,3.924587789
KKPbClClClCl,Ca2+,-3.353913902
KKPbClClClCl,Mg2+,-0.990926443
KKPbClClClCl,F-,-4.543557333
RbRbPbClClClCl,Li+,-3.363021842
RbRbPbClClClCl,Zn2+,2.22468734
RbRbPbClClClCl,K+,-2.448464564
RbRbPbClClClCl,Na+,-1.57032086
RbRbPbClClClCl,Al3+,3.241874057
RbRbPbClClClCl,Ca2+,-4.034188503
RbRbPbClClClCl,Mg2+,0.27227112
RbRbPbClClClCl,F-,-4.304684295
CsCsPbClClClCl,Li+,-3.431793228
CsCsPbClClClCl,Zn2+,1.63223874
CsCsPbClClClCl,K+,-2.636412113
CsCsPbClClClCl,Na+,-1.69388896
CsCsPbClClClCl,Al3+,2.234309434
CsCsPbClClClCl,Ca2+,-4.645400221
CsCsPbClClClCl,Mg2+,-0.40386581
CsCsPbClClClCl,F-,-3.801940759
LiLiGeBrBrBrBr,Li+,-2.413294925
LiLiGeBrBrBrBr,Zn2+,3.869963956
LiLiGeBrBrBrBr,K+,-3.590281653
LiLiGeBrBrBrBr,Na+,-2.148620555
LiLiGeBrBrBrBr,Al3+,2.994034966
LiLiGeBrBrBrBr,Ca2+,-2.28355137
LiLiGeBrBrBrBr,Mg2+,0.845324813
LiLiGeBrBrBrBr,F-,-8.084184434
NaNaGeBrBrBrBr,Li+,-2.69097583
NaNaGeBrBrBrBr,Zn2+,3.04515175
NaNaGeBrBrBrBr,K+,-2.444645671
NaNaGeBrBrBrBr,Na+,-1.13538474
NaNaGeBrBrBrBr,Al3+,2.379115725
NaNaGeBrBrBrBr,Ca2+,-2.804836729
NaNaGeBrBrBrBr,Mg2+,1.206259149
NaNaGeBrBrBrBr,F-,-6.027392996
KKGeBrBrBrBr,Li+,-2.883519491
KKGeBrBrBrBr,Zn2+,2.42553591
KKGeBrBrBrBr,K+,-2.511643159
KKGeBrBrBrBr,Na+,-1.197362063
KKGeBrBrBrBr,Al3+,1.205142169
KKGeBrBrBrBr,Ca2+,-3.323796391
KKGeBrBrBrBr,Mg2+,0.626367868
KKGeBrBrBrBr,F-,-4.606477943
RbRbGeBrBrBrBr,Li+,-3.276503915
RbRbGeBrBrBrBr,Zn2+,1.902425152
RbRbGeBrBrBrBr,K+,-2.399062965
RbRbGeBrBrBrBr,Na+,-1.739525095
RbRbGeBrBrBrBr,Al3+,0.427206009
RbRbGeBrBrBrBr,Ca2+,-4.042427897
RbRbGeBrBrBrBr,Mg2+,0.178235606
RbRbGeBrBrBrBr,F-,-4.251472895
CsCsGeBrBrBrBr,Li+,-3.491388277
CsCsGeBrBrBrBr,Zn2+,0.953049684
CsCsGeBrBrBrBr,K+,-2.890156005
CsCsGeBrBrBrBr,Na+,-1.885142082
CsCsGeBrBrBrBr,Al3+,-0.716067942
CsCsGeBrBrBrBr,Ca2+,-4.818146053
CsCsGeBrBrBrBr,Mg2+,-0.488243183
CsCsGeBrBrBrBr,F-,-3.878946863
LiLiSnBrBrBrBr,Li+,-3.323534529
LiLiSnBrBrBrBr,Zn2+,3.081298746
LiLiSnBrBrBrBr,K+,-3.609509759
LiLiSnBrBrBrBr,Na+,-1.592874363
LiLiSnBrBrBrBr,Al3+,3.04119922
LiLiSnBrBrBrBr,Ca2+,-2.675458383
LiLiSnBrBrBrBr,Mg2+,0.487566449
LiLiSnBrBrBrBr,F-,-7.95174036
NaNaSnBrBrBrBr,Li+,-2.839699997
NaNaSnBrBrBrBr,Zn2+,2.558381046
NaNaSnBrBrBrBr,K+,-2.698761058
NaNaSnBrBrBrBr,Na+,-1.233050877
NaNaSnBrBrBrBr,Al3+,2.309209146
NaNaSnBrBrBrBr,Ca2+,-3.269812888
NaNaSnBrBrBrBr,Mg2+,0.817946482
NaNaSnBrBrBrBr,F-,-5.461986229
KKSnBrBrBrBr,Li+,-3.072908978
KKSnBrBrBrBr,Zn2+,2.046885603
KKSnBrBrBrBr,K+,-2.563643288
KKSnBrBrBrBr,Na+,-1.682443258
KKSnBrBrBrBr,Al3+,1.142216712
KKSnBrBrBrBr,Ca2+,-3.924250679
KKSnBrBrBrBr,Mg2+,0.265304223
KKSnBrBrBrBr,F-,-4.370440536
RbRbSnBrBrBrBr,Li+,-3.283149653
RbRbSnBrBrBrBr,Zn2+,1.654439228
RbRbSnBrBrBrBr,K+,-2.697407787
RbRbSnBrBrBrBr,Na+,-1.687915478
RbRbSnBrBrBrBr,Al3+,0.364659654
RbRbSnBrBrBrBr,Ca2+,-4.396521985
RbRbSnBrBrBrBr,Mg2+,-0.142344015
RbRbSnBrBrBrBr,F-,-4.003351832
CsCsSnBrBrBrBr,Li+,-3.618727929
CsCsSnBrBrBrBr,Zn2+,1.01529827
CsCsSnBrBrBrBr,K+,-2.994156912
CsCsSnBrBrBrBr,Na+,-1.863758247
CsCsSnBrBrBrBr,Al3+,-0.754693335
CsCsSnBrBrBrBr,Ca2+,-5.17328642
CsCsSnBrBrBrBr,Mg2+,-0.76016936
CsCsSnBrBrBrBr,F-,-3.52769741
LiLiPbBrBrBrBr,Li+,-2.629859272
LiLiPbBrBrBrBr,Zn2+,2.793518701
LiLiPbBrBrBrBr,K+,-3.396844849
LiLiPbBrBrBrBr,Na+,-2.932110251
LiLiPbBrBrBrBr,Al3+,0.568969699
LiLiPbBrBrBrBr,Ca2+,-3.481208078
LiLiPbBrBrBrBr,Mg2+,0.41862778
LiLiPbBrBrBrBr,F-,-7.577180309
NaNaPbBrBrBrBr,Li+,-3.208354722
NaNaPbBrBrBrBr,Zn2+,2.339983328
NaNaPbBrBrBrBr,K+,-3.090886542
NaNaPbBrBrBrBr,Na+,-2.235478592
NaNaPbBrBrBrBr,Al3+,3.194554868
NaNaPbBrBrBrBr,Ca2+,-3.763210792
NaNaPbBrBrBrBr,Mg2+,-1.367225082
NaNaPbBrBrBrBr,F-,-5.921768822
KKPbBrBrBrBr,Li+,-3.251266291
KKPbBrBrBrBr,Zn2+,1.961799659
KKPbBrBrBrBr,K+,-2.697098285
KKPbBrBrBrBr,Na+,-1.937367321
KKPbBrBrBrBr,Al3+,2.155314893
KKPbBrBrBrBr,Ca2+,-4.163995735
KKPbBrBrBrBr,Mg2+,-0.081841731
KKPbBrBrBrBr,F-,-4.255445634
RbRbPbBrBrBrBr,Li+,-3.422556462
RbRbPbBrBrBrBr,Zn2+,1.50145417
RbRbPbBrBrBrBr,K+,-2.839820998
RbRbPbBrBrBrBr,Na+,-2.024826475
RbRbPbBrBrBrBr,Al3+,1.449149644
RbRbPbBrBrBrBr,Ca2+,-4.922604798
RbRbPbBrBrBrBr,Mg2+,-0.49769957
RbRbPbBrBrBrBr,F-,-3.763873228
CsCsPbBrBrBrBr,Li+,-3.585963918
CsCsPbBrBrBrBr,Zn2+,0.712497018
CsCsPbBrBrBrBr,K+,-3.10960854
CsCsPbBrBrBrBr,Na+,-1.988023562
CsCsPbBrBrBrBr,Al3+,0.267880575
CsCsPbBrBrBrBr,Ca2+,-5.670890481
CsCsPbBrBrBrBr,Mg2+,-1.042678632
CsCsPbBrBrBrBr,F-,-3.320683492
LiLiGeIIII,Li+,-2.896874273
LiLiGeIIII,Zn2+,1.946509322
LiLiGeIIII,K+,-3.263341069
LiLiGeIIII,Na+,-2.519109838
LiLiGeIIII,Al3+,2.153486384
LiLiGeIIII,Ca2+,-3.5020574
LiLiGeIIII,Mg2+,-0.311828017
LiLiGeIIII,F-,-6.673732386
NaNaGeIIII,Li+,-3.339728773
NaNaGeIIII,Zn2+,1.283746535
NaNaGeIIII,K+,-2.911618234
NaNaGeIIII,Na+,-2.244245986
NaNaGeIIII,Al3+,1.308457481
NaNaGeIIII,Ca2+,-4.087381641
NaNaGeIIII,Mg2+,-0.045381935
NaNaGeIIII,F-,-4.868616741
KKGeIIII,Li+,-3.570042727
KKGeIIII,Zn2+,0.615274524
KKGeIIII,K+,-3.000425173
KKGeIIII,Na+,-2.169208992
KKGeIIII,Al3+,-0.063778507
KKGeIIII,Ca2+,-4.819501567
KKGeIIII,Mg2+,-0.690465708
KKGeIIII,F-,-4.088727741
RbRbGeIIII,Li+,-3.6995217
RbRbGeIIII,Zn2+,0.499425599
RbRbGeIIII,K+,-3.156836351
RbRbGeIIII,Na+,-1.991794827
RbRbGeIIII,Al3+,-0.617390147
RbRbGeIIII,Ca2+,-5.108031851
RbRbGeIIII,Mg2+,-0.97442747
RbRbGeIIII,F-,-3.602593513
CsCsGeIIII,Li+,-3.995653647
CsCsGeIIII,Zn2+,-0.083450109
CsCsGeIIII,K+,-3.257371416
CsCsGeIIII,Na+,-2.272015647
CsCsGeIIII,Al3+,-1.674917321
CsCsGeIIII,Ca2+,-3.89216521
CsCsGeIIII,Mg2+,-1.578579333
CsCsGeIIII,F-,-3.219533915
LiLiSnIIII,Li+,-3.043420917
LiLiSnIIII,Zn2+,1.348589968
LiLiSnIIII,K+,-3.508765594
LiLiSnIIII,Na+,-1.509997419
LiLiSnIIII,Al3+,1.590966762
LiLiSnIIII,Ca2+,-4.046300787
LiLiSnIIII,Mg2+,0.110027942
LiLiSnIIII,F-,-6.766782712
NaNaSnIIII,Li+,-3.755186833
NaNaSnIIII,Zn2+,1.123357933
NaNaSnIIII,K+,-3.202380854
NaNaSnIIII,Na+,-1.867441781
NaNaSnIIII,Al3+,0.7145222
NaNaSnIIII,Ca2+,-4.426068347
NaNaSnIIII,Mg2+,-0.511066085
NaNaSnIIII,F-,-4.883217029
KKSnIIII,Li+,-3.794548876
KKSnIIII,Zn2+,0.310069093
KKSnIIII,K+,-3.20444936
KKSnIIII,Na+,-2.397775014
KKSnIIII,Al3+,-0.646758806
KKSnIIII,Ca2+,-5.28423727
KKSnIIII,Mg2+,-1.068761305
KKSnIIII,F-,-3.846102305
RbRbSnIIII,Li+,-3.778757961
RbRbSnIIII,Zn2+,0.083589941
RbRbSnIIII,K+,-3.126879175
RbRbSnIIII,Na+,-2.208251047
RbRbSnIIII,Al3+,-1.133500626
RbRbSnIIII,Ca2+,-5.615487243
RbRbSnIIII,Mg2+,-1.411099095
RbRbSnIIII,F-,-3.323739068
CsCsSnIIII,Li+,-4.064306744
CsCsSnIIII,Zn2+,-0.606153225
CsCsSnIIII,K+,-3.382505205
CsCsSnIIII,Na+,-2.638980799
CsCsSnIIII,Al3+,-2.188401622
CsCsSnIIII,Ca2+,-6.258671298
CsCsSnIIII,Mg2+,-2.045388142
CsCsSnIIII,F-,-2.926091521
LiLiPbIIII,Li+,-3.316989417
LiLiPbIIII,Zn2+,0.416587415
LiLiPbIIII,K+,-3.95060446
LiLiPbIIII,Na+,-3.288874495
LiLiPbIIII,Al3+,1.872285546
LiLiPbIIII,Ca2+,-4.633142635
LiLiPbIIII,Mg2+,-0.904787285
LiLiPbIIII,F-,-5.775736413
NaNaPbIIII,Li+,-3.6735151
NaNaPbIIII,Zn2+,0.81813289
NaNaPbIIII,K+,-3.25716876
NaNaPbIIII,Na+,-2.08767269
NaNaPbIIII,Al3+,-1.84506027
NaNaPbIIII,Ca2+,-4.98395128
NaNaPbIIII,Mg2+,-0.79706633
NaNaPbIIII,F-,-4.42943892
KKPbIIII,Li+,-3.93326822
KKPbIIII,Zn2+,0.28093726
KKPbIIII,K+,-3.24094263
KKPbIIII,Na+,-2.38105073
KKPbIIII,Al3+,-0.43401691
KKPbIIII,Ca2+,-5.61925778
KKPbIIII,Mg2+,-1.19562479
KKPbIIII,F-,-3.53650962
RbRbPbIIII,Li+,-3.96367056
RbRbPbIIII,Zn2+,-0.13691434
RbRbPbIIII,K+,-3.31398576
RbRbPbIIII,Na+,-2.2727312
RbRbPbIIII,Al3+,-1.269125
RbRbPbIIII,Ca2+,-6.05673102
RbRbPbIIII,Mg2+,-1.69335811
RbRbPbIIII,F-,-3.07913861
CsCsPbIIII,Li+,-4.30445886
CsCsPbIIII,Zn2+,-0.71410464
CsCsPbIIII,K+,-3.73375114
CsCsPbIIII,Na+,-2.55508241
CsCsPbIIII,Al3+,-2.33855126
CsCsPbIIII,Ca2+,-6.69776263
CsCsPbIIII,Mg2+,-2.27567059
CsCsPbIIII,F-,-2.62309955
LiNaGeFFFF,Li+,-5.628848848
LiNaGeFFFF,Zn2+,0.46119047
LiNaGeFFFF,K+,-5.788894863
LiNaGeFFFF,Na+,-4.771051435
LiNaGeFFFF,Al3+,3.053174502
LiNaGeFFFF,Ca2+,-4.350135228
LiNaGeFFFF,Mg2+,-2.956228987
LiNaGeFFFF,F-,-10.68953885
NaKGeClClClCl,Li+,-3.037949263
NaKGeClClClCl,Zn2+,3.110428896
NaKGeClClClCl,K+,-2.84855708
NaKGeClClClCl,Na+,-1.390329103
NaKGeClClClCl,Al3+,2.112454689
NaKGeClClClCl,Ca2+,-2.345213996
NaKGeClClClCl,Mg2+,1.209911129
NaKGeClClClCl,F-,-6.400817426
KCsSnClClClCl,Li+,-3.11754651
KCsSnClClClCl,Zn2+,2.689901216
KCsSnClClClCl,K+,-2.2892919
KCsSnClClClCl,Na+,-1.216871748
KCsSnClClClCl,Al3+,1.080513515
KCsSnClClClCl,Ca2+,-3.650217045
KCsSnClClClCl,Mg2+,-1.172353361
KCsSnClClClCl,F-,-4.425981741
LiKSnBrBrBrBr,Li+,-2.681618007
LiKSnBrBrBrBr,Zn2+,2.736257285
LiKSnBrBrBrBr,K+,-3.338405201
LiKSnBrBrBrBr,Na+,-1.140728931
LiKSnBrBrBrBr,Al3+,1.700994509
LiKSnBrBrBrBr,Ca2+,-3.88500145
LiKSnBrBrBrBr,Mg2+,0.5521624
LiKSnBrBrBrBr,F-,-6.480617032
KRbPbBrBrBrBr,Li+,-3.33761558
KRbPbBrBrBrBr,Zn2+,1.705432562
KRbPbBrBrBrBr,K+,-2.737731549
KRbPbBrBrBrBr,Na+,-1.591148288
KRbPbBrBrBrBr,Al3+,1.76427147
KRbPbBrBrBrBr,Ca2+,-4.464413367
KRbPbBrBrBrBr,Mg2+,-0.161745528
KRbPbBrBrBrBr,F-,-3.903271227
RbCsPbIIII,Li+,-4.21639311
RbCsPbIIII,Zn2+,-0.49320652
RbCsPbIIII,K+,-3.45265161
RbCsPbIIII,Na+,-2.51935921
RbCsPbIIII,Al3+,-1.81397402
RbCsPbIIII,Ca2+,-6.35592353
RbCsPbIIII,Mg2+,-1.97767141
RbCsPbIIII,F-,-2.93612377
LiLiGeFFFCl,Li+,-7.267518412
LiLiGeFFFCl,Zn2+,3.571823398
LiLiGeFFFCl,K+,-5.26959855
LiLiGeFFFCl,Na+,-4.885398418
LiLiGeFFFCl,Al3+,2.836765167
LiLiGeFFFCl,Ca2+,-4.163086614
LiLiGeFFFCl,Mg2+,-1.308253974
LiLiGeFFFCl,F-,-12.59620188
NaNaGeFFFCl,Li+,-1.119221305
NaNaGeFFFCl,Zn2+,5.455622857
NaNaGeFFFCl,K+,-0.520410637
NaNaGeFFFCl,Na+,0.51981719
NaNaGeFFFCl,Al3+,6.230326825
NaNaGeFFFCl,Ca2+,-0.628306191
NaNaGeFFFCl,Mg2+,2.018662629
NaNaGeFFFCl,F-,-6.109491478
LiLiSnClClClBr,Li+,-4.136070347
LiLiSnClClClBr,Zn2+,3.788295999
LiLiSnClClClBr,K+,-3.777993499
LiLiSnClClClBr,Na+,-2.630907286
LiLiSnClClClBr,Al3+,3.509939084
LiLiSnClClClBr,Ca2+,-3.616258045
LiLiSnClClClBr,Mg2+,0.495336912
LiLiSnClClClBr,F-,-8.293686205
NaNaSnClClClBr,Li+,-3.59258614
NaNaSnClClClBr,Zn2+,3.056507699
NaNaSnClClClBr,K+,-2.232802428
NaNaSnClClClBr,Na+,-1.14524051
NaNaSnClClClBr,Al3+,2.676666933
NaNaSnClClClBr,Ca2+,-2.484189021
NaNaSnClClClBr,Mg2+,1.284531489
NaNaSnClClClBr,F-,-6.546731428
LiLiPbBrBrBrI,Li+,-4.459126808
LiLiPbBrBrBrI,Zn2+,2.287693566
LiLiPbBrBrBrI,K+,-3.860768429
LiLiPbBrBrBrI,Na+,-1.990985537
LiLiPbBrBrBrI,Al3+,0.129939785
LiLiPbBrBrBrI,Ca2+,-2.20279966
LiLiPbBrBrBrI,Mg2+,0.185973737
LiLiPbBrBrBrI,F-,-7.277926501
NaNaPbBrBrBrI,Li+,-3.42560755
NaNaPbBrBrBrI,Zn2+,2.01257451
NaNaPbBrBrBrI,K+,-2.97430881
NaNaPbBrBrBrI,Na+,-2.41467994
NaNaPbBrBrBrI,Al3+,2.64381949
NaNaPbBrBrBrI,Ca2+,-3.8280446
NaNaPbBrBrBrI,Mg2+,-1.20808942
NaNaPbBrBrBrI,F-,-5.63831974
KKGeFFClCl,Li+,-2.230510291
KKGeFFClCl,Zn2+,3.736194609
KKGeFFClCl,K+,-1.315644012
KKGeFFClCl,Na+,-0.528533857
KKGeFFClCl,Al3+,4.862582111
KKGeFFClCl,Ca2+,-1.730258343
KKGeFFClCl,Mg2+,0.677377468
KKGeFFClCl,F-,-5.328098241
RbRbGeFFFBr,Li+,-2.456665965
RbRbGeFFFBr,Zn2+,4.23710596
RbRbGeFFFBr,K+,-1.606871564
RbRbGeFFFBr,Na+,-0.562643953
RbRbGeFFFBr,Al3+,4.218807571
RbRbGeFFFBr,Ca2+,-2.100872151
RbRbGeFFFBr,Mg2+,-0.293297511
RbRbGeFFFBr,F-,-6.158686866
KKSnBrBrICl,Li+,-3.148491685
KKSnBrBrICl,Zn2+,1.790386487
KKSnBrBrICl,K+,-2.474639775
KKSnBrBrICl,Na+,-1.895447727
KKSnBrBrICl,Al3+,0.934753207
KKSnBrBrICl,Ca2+,-4.380516795
KKSnBrBrICl,Mg2+,0.098545125
KKSnBrBrICl,F-,-4.219186876
CsCsPbIIICl,Li+,-4.094517796
CsCsPbIIICl,Zn2+,-0.260479226
CsCsPbIIICl,K+,-3.542886016
CsCsPbIIICl,Na+,-2.429120786
CsCsPbIIICl,Al3+,-1.405289462
CsCsPbIIICl,Ca2+,-6.495372806
CsCsPbIIICl,Mg2+,-1.743341336
CsCsPbIIICl,F-,-2.859270346
KKPbFClBrI,Li+,-3.444413229
KKPbFClBrI,Zn2+,2.552047621
KKPbFClBrI,K+,-2.331571839
KKPbFClBrI,Na+,-1.362751139
KKPbFClBrI,Al3+,2.429278496
KKPbFClBrI,Ca2+,-3.973729689
KKPbFClBrI,Mg2+,0.105345971
KKPbFClBrI,F-,-4.872037589
CsCsSnBrBrII,Li+,-3.934522116
CsCsSnBrBrII,Zn2+,0.108469229
CsCsSnBrBrII,K+,-3.26764264
CsCsSnBrBrII,Na+,-2.247644908
CsCsSnBrBrII,Al3+,-1.415285486
CsCsSnBrBrII,Ca2+,-5.639158285
CsCsSnBrBrII,Mg2+,-1.380906183
CsCsSnBrBrII,F-,-3.346974842
RbRbPbFFFI,Li+,-3.250257958
RbRbPbFFFI,Zn2+,3.129072044
RbRbPbFFFI,K+,-2.325444356
RbRbPbFFFI,Na+,-0.869292146
RbRbPbFFFI,Al3+,3.775128238
RbRbPbFFFI,Ca2+,-4.879069356
RbRbPbFFFI,Mg2+,0.859406284
RbRbPbFFFI,F-,-5.875584966
RbRbSnClClII,Li+,-3.574710121
RbRbSnClClII,Zn2+,1.104392957
RbRbSnClClII,K+,-2.804136192
RbRbSnClClII,Na+,-1.934355555
RbRbSnClClII,Al3+,-0.151068757
RbRbSnClClII,Ca2+,-4.757395404
RbRbSnClClII,Mg2+,-0.461999655
RbRbSnClClII,F-,-4.003943443
